name,email,phone,address
Ballooney Shoppe,ballooneyevents@yahoo.com,+63 (32) 233 9283,"2nd. Level Ayala Center Cebu, Cebu Business Park, Cebu City 6000 Cebu"
Balena Multicraft,balena@akyinet.net,+63 (32) 254 4432,"507 V. Rama Avenue, Cebu City 6000 Cebu"
Badian Island Resort & Spa,badian@aol.com,+63 (32) 25 3642,"Cebu Capitol Commercial Complex-A, N. Escario Street, Cebu City 6000 Cebu"
Badian Island,badianholiday@aol.com,+63 (32) 401 3303,Cebu City 6000 Cebu
Badfish Dive Gear,info@badfishdivegear.com,+63 (995) 396 4829,"32 Pres. Quirino St, Villa Aurora Subd, Brgy. Kasambagan, Cebu City, Cebu"
Backspace Studio,backspacestudio@gmail.com,+63 (917) 329 1481,"2/F Thakuria Building, R. Aboitiz Corner Juan Osmena Streets, Cebu City 6000 Cebu"
B.c. Hortelano & Company Cpa's,bchcebu@yahoo.com,+63 (32) 238 2559,"Rm. 306, The Rivergate Complex, Gen. Maxilom Avenue, Kamputhaw, Cebu City 6000 Cebu"
B P Mata,bpmata-cebu@bpmata.com,+63 (32) 232 2144,"C. Arellano Boulevard, Pier 4, Reclamation Area, Cebu City 6000 Cebu"
Azpired,info@azpired.com,+63 (2) 708 5656,"18/F Park Centrale Building, Jose del Mar Street, Cebu I.T. Park, Cebu City, Cebu"
