name,email,phone,address
Aaa Cbc,info@aaacbc.com,nan,"Ayala Life Fgu Center, Mindanao Ave. Corner Biliran Rd., Cebu Business Park, Cebu City 6000 Cebu"
A2z Trucking & Freight Forwarding Services,csr.visayas@a2ztruckingfreightforwardingservices.co,nan,"F PACAÑA STREET, PUNTA PRINCESA, Cebu City 6000 Cebu"
A2z Trucking & Freight Forwarding Services,ops.vismin@a2ztruckingfreightforwardingservices.co,nan,"F PACAÑA STREET, PUNTA PRINCESA, Cebu City 6000 Cebu"
A.i. Buildrs And Supply,paulaiten@bigpond.com,nan,"18 Main Street, Dona Rita Village, Banilad, Cebu City 6000 Cebu"
A.d. Gothong Manufacturing,info@adgothong.com,nan,"70 F. Gonzales Street, Cebu City 6000 Cebu"
A-plus Towing Services,hesreal.group@yahoo.com,nan,"304 V. Rama Avenue, Cebu City 6000 Cebu"
A J L Surplus & Auto Supply,ajlsurplus@yahoo.com,nan,"85 V. Rama Avenue, Cebu City 6000 Cebu"
A Cafe,acafe@theabacagroup.com,nan,"Gov. M. Cuenco Avenue, Cebu City 6000 Cebu"
A Cafe,customerassistance@toyota.com.ph,nan,"Gov. M. Cuenco Avenue, Cebu City 6000 Cebu"
888 Asian Gourmet,jolim@asia.com,nan,"835 Andres Abellana Street, Cebu City 6000 Cebu"
7c's Marine Products,sevencsmarine.hr@gmail.com,nan,"G/F Jacynth Urban Homes, Logarta Street, San Roque, Cebu City 6000 Cebu"
168 Construction,cdc_168@yahoo.com,nan,"42 Andres Abellana Street, Cebu City 6000 Cebu"
16 Degrees Air Conditioning & Trading Corp.,16degrees.projects@gmail.com,nan,"Door 1 DFHI Building, Talamban, Cebu City 6000 Cebu"
1234properties.com,admin@1234properties.com,nan,"RedApple, 222 Limkakeng Street Cor. Happy Valley Road, Cebu City 6000 Cebu"
123 Lending,barry@123lendingcorp.com,nan,"G/F Garcia Plaza Building, Magallanes Street, Cebu City 6000 Cebu"
01 Chemical Philippines Supplier,cebu.chemical@gmail.com,nan,"575 Englis Street V. Rama Avenue, Cebu City, Cebu"
01 Chemical Philippines Supplier,chemicals.goldenhorse@gmail.com,nan,"575 Englis Street V. Rama Avenue, Cebu City, Cebu"
